{"cameraMode":{"drawMode":0,"name":"Shaded","section":"Shading Mode"},"sceneLighting":true,"audioPlay":false,"sceneViewState":{"m_AlwaysRefresh":false,"showFog":true,"showSkybox":true,"showFlares":true,"showImageEffects":true,"showParticleSystems":true,"showVisualEffectGraphs":true,"m_FxEnabled":true},"in2DMode":false,"pivot":{"x":580.7198486328125,"y":448.34234619140627,"z":232.31039428710938},"rotation":{"x":0.2281385362148285,"y":-0.04379737004637718,"z":0.010276684537529946,"w":0.9726096987724304},"size":177.49940490722657,"orthographic":true}