{"cameraMode":{"drawMode":0,"name":"Shaded","section":"Shading Mode"},"sceneLighting":true,"audioPlay":false,"sceneViewState":{"m_AlwaysRefresh":false,"showFog":true,"showSkybox":true,"showFlares":true,"showImageEffects":true,"showParticleSystems":true,"showVisualEffectGraphs":true,"m_FxEnabled":true},"in2DMode":false,"pivot":{"x":538.473388671875,"y":111.3459243774414,"z":769.6386108398438},"rotation":{"x":0.09824150800704956,"y":-0.001493740128353238,"z":0.00015047327906358987,"w":0.9951830506324768},"size":177.49940490722657,"orthographic":true}